{
    "services": {
        "LaunchPage": {
            "adapter": {
                "config": {
                    "catalogs": [],
                    "groups": [
                        {
                            "id": "Administration",
                            "title": "Administration",
                            "isPreset": true,
                            "isVisible": true,
                            "isGroupLocked": false,
                            "tiles": [
                                {
                                    "id": "ManageBooks",
                                    "tileType": "sap.ushell.ui.tile.StaticTile",
                                    "properties": {
                                        "title": "Manage Books",
                                        "targetURL": "#Books-manage"
                                    }
                                }
                            ]
                        }
                    ]
                }
            }
        },
        "NavTargetResolution": {
            "config": {
                "enableClientSideTargetResolution": true
            }
        },
        "ClientSideTargetResolution": {
            "adapter": {
                "config": {
                    "inbounds": {
                        "ManageBooks": {
                            "semanticObject": "Books",
                            "action": "manage",
                            "title": "Manage Books",
                            "signature": {
                                "parameters": {},
                                "additionalParameters": "allowed"
                            },
                            "resolutionResult": {
                                "applicationType": "SAPUI5",
                                "additionalInformation": "SAPUI5.Component=books",
                                "url": "/admin-books/webapp"
                            }
                        }
                    }
                }
            }
        }
    }
}
